{
  "app/vite.config.ts": 1777529080.102654,
  "app/src-tauri/build.rs": 1777529097.6674116,
  "app/src-tauri/src/lib.rs": 1777536936.2290964,
  "app/src-tauri/src/test_lsp.rs": 1777536932.3824575,
  "app/src-tauri/src/main.rs": 1777529107.3159206,
  "app/src-tauri/src/lsp/bridge.rs": 1777530533.509333,
  "app/src-tauri/src/lsp/manager.rs": 1777530538.5074542,
  "app/src-tauri/src/lsp/mod.rs": 1777530542.1528306,
  "app/src-tauri/src/commands/mod.rs": 1777531156.2739503,
  "app/src-tauri/src/commands/install.rs": 1777536334.4939868,
  "app/src-tauri/src/commands/fs.rs": 1777529373.9606507,
  "app/src-tauri/src/commands/lsp.rs": 1777537112.0077956,
  "app/src/App.tsx": 1777538273.2525926,
  "app/src/main.tsx": 1777529137.0079086,
  "app/src/panels/FileExplorer.tsx": 1777529164.5588138,
  "app/src/editor/lspClient.ts": 1777536352.287954,
  "app/src/editor/MonacoEditor.tsx": 1777530677.9525704,
  "app/src/editor/providers/hover.ts": 1777533232.6520922,
  "app/src/editor/providers/completions.ts": 1777533261.7026024,
  "app/src/editor/providers/diagnostics.ts": 1777532376.685382,
  "app/src/editor/providers/definitions.ts": 1777533251.9475882,
  "app/src/store/editor.ts": 1777537561.9278986,
  "gateway/src/types.ts": 1777478656.9981172,
  "gateway/src/index.ts": 1777478691.352706,
  "gateway/src/routes/apply.ts": 1777478680.9504938,
  "gateway/src/routes/chat.ts": 1777486904.685797,
  "gateway/src/routes/completions.ts": 1777478662.943439,
  "gateway/src/routes/embed.ts": 1777478686.3722608,
  "SUMMARY.md": 1777485502.8094933,
  "README.md": 1777546465.5059376,
  "PLAN.md": 1777535650.458252,
  "raw/tauri-v2.txt": 1777561439.3985443,
  "app/src-tauri/icons/icon.png": 1777529391.3217852
}